id,first_name,last_name,email,gender,age,country
1,Jacquelyn,Sowter,jsowter0@reuters.com,Female,22,Brazil
2,Ravid,Faragher,rfaragher1@hibu.com,Male,38,Portugal
3,Allyson,Pengelley,apengelley2@wordpress.org,Female,75,Japan
4,Christophorus,Fullilove,cfullilove3@ucla.edu,Male,51,Croatia
5,Shell,Balston,sbalston4@icio.us,Female,21,Indonesia
6,Consuela,Kinnard,ckinnard5@oakley.com,Female,91,Indonesia
7,Kenn,Charke,kcharke6@smugmug.com,Male,65,Japan
8,August,Kemmer,akemmer7@over-blog.com,Male,24,Brazil
9,Gris,Kyle,gkyle8@elegantthemes.com,Male,78,Indonesia
10,Waylon,Caville,wcaville9@shareasale.com,Male,13,France
11,Marnia,Goodwin,mgoodwina@tamu.edu,Female,8,Afghanistan
12,Binny,Delgaty,bdelgatyb@google.com.au,Bigender,65,Portugal
13,Kimberly,Wanstall,kwanstallc@reuters.com,Female,97,China
14,Garry,Trembey,gtrembeyd@cnet.com,Male,87,China
15,Jamison,Kubec,jkubece@soundcloud.com,Genderqueer,92,Burundi
16,Kristyn,Orrick,korrickf@hud.gov,Female,75,China
17,Obie,Marquez,omarquezg@sourceforge.net,Male,13,Japan
18,Mano,Navarre,mnavarreh@nsw.gov.au,Male,77,China
19,Dyan,Jessen,djesseni@storify.com,Female,29,China
20,Sydney,Porch,sporchj@sphinn.com,Female,54,China
21,Aridatha,McGown,amcgownk@arstechnica.com,Female,50,Colombia
22,Lazare,Smallpiece,lsmallpiecel@mayoclinic.com,Male,39,Indonesia
23,Janela,Keogh,jkeoghm@theguardian.com,Female,90,France
24,Marget,Hegges,mheggesn@foxnews.com,Female,91,North Korea
25,Wilhelmine,Marton,wmartono@feedburner.com,Female,90,Poland
26,Fin,Maudlen,fmaudlenp@twitter.com,Male,7,Egypt
27,Eleni,Bedbury,ebedburyq@alibaba.com,Female,20,Brazil
28,Lydia,Davidovics,ldavidovicsr@wordpress.org,Female,29,Zimbabwe
29,Burt,Spohr,bspohrs@goo.gl,Male,72,China
30,Neils,Pietsma,npietsmat@admin.ch,Male,19,Uruguay
31,Ana,Rymer,arymeru@salon.com,Female,24,South Africa
32,Adriano,Chipman,achipmanv@gmpg.org,Male,94,United States
33,Patrizia,Jarry,pjarryw@livejournal.com,Female,35,France
34,Alleen,Brandom,abrandomx@newyorker.com,Female,29,Kyrgyzstan
35,Vally,Barbour,vbarboury@epa.gov,Female,56,Pakistan
36,Morgana,MacCumeskey,mmaccumeskeyz@barnesandnoble.com,Female,56,Peru
37,Julio,Aris,jaris10@ebay.com,Male,56,Mozambique
38,Hagan,Cookes,hcookes11@linkedin.com,Male,61,Vietnam
39,Nikoletta,Bothram,nbothram12@ibm.com,Female,65,Paraguay
40,Caprice,Aldrich,caldrich13@unicef.org,Female,25,Ukraine
41,Ewan,MacTavish,emactavish14@archive.org,Male,2,China
42,Paolo,Yakobowitch,pyakobowitch15@amazon.co.uk,Male,21,Indonesia
43,Britt,Kell,bkell16@bbc.co.uk,Male,10,Portugal
44,Deanne,O'Bradain,dobradain17@blogs.com,Female,95,Chile
45,Aleda,Tenbrug,atenbrug18@epa.gov,Female,30,France
46,Keefe,Simonard,ksimonard19@drupal.org,Male,52,Armenia
47,Felice,Baudet,fbaudet1a@alibaba.com,Female,10,Poland
48,Brunhilda,Tearny,btearny1b@ning.com,Female,40,France
49,Donalt,Venour,dvenour1c@eepurl.com,Male,18,China
50,Guglielma,Julien,gjulien1d@baidu.com,Female,83,Russia
51,Corny,Nolot,cnolot1e@soup.io,Female,25,Indonesia
52,Joshia,Beddie,jbeddie1f@theglobeandmail.com,Male,53,China
53,Avrom,Bilney,abilney1g@simplemachines.org,Polygender,83,Dominican Republic
54,Justen,Methley,jmethley1h@acquirethisname.com,Male,16,New Zealand
55,Grazia,Hegge,ghegge1i@dell.com,Female,36,Indonesia
56,Isobel,Ickovits,iickovits1j@mapquest.com,Female,66,Philippines
57,Lina,Poultney,lpoultney1k@bigcartel.com,Female,9,Germany
58,Aristotle,Scibsey,ascibsey1l@weather.com,Male,19,Belarus
59,Florinda,Zimmermeister,fzimmermeister1m@reddit.com,Genderqueer,89,Pakistan
60,Myrah,Style,mstyle1n@lycos.com,Female,4,China
61,Silvan,Clericoates,sclericoates1o@cargocollective.com,Male,63,Vietnam
62,Lenci,Lipmann,llipmann1p@jugem.jp,Male,6,Canada
63,Hy,Di Franceschi,hdifranceschi1q@opera.com,Genderqueer,94,Thailand
64,Trix,Collete,tcollete1r@youku.com,Female,3,South Africa
65,Saleem,Aslet,saslet1s@qq.com,Male,7,Indonesia
66,Ella,Claworth,eclaworth1t@ted.com,Female,55,China
67,Stearn,Maith,smaith1u@mashable.com,Agender,79,Indonesia
68,Ichabod,Yakobovicz,iyakobovicz1v@wufoo.com,Male,42,Argentina
69,Farand,Say,fsay1w@npr.org,Female,75,Indonesia
70,Joann,Clell,jclell1x@microsoft.com,Female,91,Greece
71,Dar,Papis,dpapis1y@cornell.edu,Male,85,Afghanistan
72,Veda,Tansey,vtansey1z@xrea.com,Female,21,Indonesia
73,Gustave,Witherbed,gwitherbed20@1und1.de,Male,82,Indonesia
74,Gian,Sealand,gsealand21@sphinn.com,Male,3,China
75,Sonya,Tinker,stinker22@go.com,Female,40,Afghanistan
76,Berkie,Mouton,bmouton23@edublogs.org,Male,71,Russia
77,Barde,Grob,bgrob24@prlog.org,Male,3,China
78,Oneida,Baribal,obaribal25@issuu.com,Female,96,China
79,Pavlov,Di Bernardo,pdibernardo26@meetup.com,Bigender,49,China
80,Berty,Hindenberger,bhindenberger27@nymag.com,Female,1,Senegal
81,Launce,Clemoes,lclemoes28@drupal.org,Bigender,9,Indonesia
82,Jacenta,Woakes,jwoakes29@wikipedia.org,Polygender,43,Uzbekistan
83,Theodore,Bramwich,tbramwich2a@zdnet.com,Male,28,Colombia
84,Lucita,Turfs,lturfs2b@google.es,Female,68,Thailand
85,Marena,Plomer,mplomer2c@artisteer.com,Female,33,France
86,Joby,Scholcroft,jscholcroft2d@goo.ne.jp,Female,67,France
87,Dulcea,Lowles,dlowles2e@timesonline.co.uk,Female,67,Panama
88,Bibbie,Castelin,bcastelin2f@seesaa.net,Bigender,63,Brazil
89,Isa,Daye,idaye2g@lulu.com,Male,49,Indonesia
90,Boniface,Roswarne,broswarne2h@va.gov,Male,68,Jordan
91,Cherlyn,Waterhouse,cwaterhouse2i@cdbaby.com,Genderfluid,37,China
92,Wells,Cootes,wcootes2j@youku.com,Male,88,Guatemala
93,Kim,Faire,kfaire2k@google.co.uk,Female,92,Indonesia
94,Felix,Houdmont,fhoudmont2l@flavors.me,Male,86,China
95,Vicky,Savatier,vsavatier2m@parallels.com,Female,63,Canada
96,Abel,Yegoshin,ayegoshin2n@umn.edu,Male,79,Russia
97,Kelcy,Arguile,karguile2o@purevolume.com,Female,83,Russia
98,Estrella,Bianco,ebianco2p@wired.com,Female,60,Japan
99,Annalise,Kinnach,akinnach2q@miibeian.gov.cn,Female,69,China
100,Wilden,Eller,weller2r@mapy.cz,Male,81,Mongolia
